med_category,decision,itemid,label,abbreviation,linksto,category,unitname,param_type,count,value_instances,amountuom_instances,rateuom_instances,ordercategoryname_instances,secondaryordercategoryname_instances,ordercategorydescription_instances,note
norepinephrine,CONTINUOUS,221906,Norepinephrine,Norepinephrine,inputevents,Medications,mg,Solution,459800,"Rate: 0.0, 0.1, 359.55; Amount: 0.0, 0.42, 42.93",mg: 459800,"mcg/kg/min: 459798, mg/kg/min: 2",01-Drips: 459800,02-Fluids (Crystalloids): 459800,Continuous Med: 459800,
epinephrine,CONTINUOUS,221289,Epinephrine,Epinephrine,inputevents,Medications,mg,Solution,31495,"Rate: 0.0, 0.05, 41.14; Amount: 0.0, 0.33, 1707.18","mg: 31483, mcg: 12",mcg/kg/min: 31495,01-Drips: 31495,02-Fluids (Crystalloids): 31495,Continuous Med: 31495,
epinephrine,INTERMITTENT,229617,Epinephrine.,Epinephrine.,inputevents,Medications,mg,Solution,234,"Rate: , , ; Amount: 0.0, 1.0, 800.0",,,05-Med Bolus: 234,,Drug Push: 234,
phenylephrine,CONTINUOUS,221749,Phenylephrine,Phenylephrine,inputevents,Medications,mg,Solution,209376,"Rate: -5.72, 0.92, 880.06; Amount: -0.64, 3.05, 1000.0","mg: 209375, mcg: 1","mcg/kg/min: 209374, mcg/min: 2",01-Drips: 209376,02-Fluids (Crystalloids): 209376,Continuous Med: 209376,
phenylephrine,CONTINUOUS,229630,Phenylephrine (50/250),Phenylephrine (50/250),inputevents,Medications,mg,Solution,61013,"Rate: 0.01, 0.8, 206.6; Amount: 0.0, 2.49, 250.0",mg: 61013,mcg/kg/min: 61013,01-Drips: 61013,02-Fluids (Crystalloids): 61013,Continuous Med: 61013,
phenylephrine,CONTINUOUS,229632,Phenylephrine (200/250),Phenylephrine (200/250),inputevents,Medications,mg,Solution,12840,"Rate: 0.05, 1.8, 518.36; Amount: 0.01, 6.85, 236.16",mg: 12840,mcg/kg/min: 12840,01-Drips: 12840,02-Fluids (Crystalloids): 12840,Continuous Med: 12840,
phenylephrine,NO MAPPING,229789,Phenylephrine (Intubation),Phenylephrine (Intubation),chartevents,Intubation,mcg,Numeric,1,"Min: , Mean: , Max:",,,,,,
phenylephrine,NO MAPPING,229631,Phenylephrine (200/250)_OLD_1,Phenylephrine (200/250)_OLD_1,inputevents,Medications,mg,Solution,1,"Rate: , , ; Amount: , ,",,,,,,
angiotensin,CONTINUOUS,229764,Angiotensin II (Giapreza),Angiotensin II (Giapreza),inputevents,Medications,ng,Solution,296,"Rate: 1.25, 30.02, 83.69; Amount: 0.0, 0.11, 2.5",mg: 296,ng/kg/min: 296,01-Drips: 296,02-Fluids (Crystalloids): 296,Continuous Med: 296,
angiotensin,CONTINUOUS,229709,Angiotensin II (Giapreza),Angiotensin II (Giapreza),inputevents,Medications,mg,Solution,103,"Rate: 0.0, 0.03, 0.41; Amount: 0.0, 0.06, 2.5",mg: 103,mcg/kg/min: 103,01-Drips: 103,02-Fluids (Crystalloids): 103,Continuous Med: 103,
vasopressin,CONTINUOUS,222315,Vasopressin,Vasopressin,inputevents,Medications,units,Solution,37163,"Rate: 0.02, 2.4, 2400.0; Amount: 0.0, 11.69, 400.0",units: 37163,"units/hour: 37160, units/min: 3",01-Drips: 37163,02-Fluids (Crystalloids): 37163,Continuous Med: 37163,
dopamine,CONTINUOUS,221662,Dopamine,Dopamine,inputevents,Medications,mg,Solution,18085,"Rate: 0.2, 5.02, 4000.0; Amount: 0.02, 30.1, 801.66",mg: 18085,mcg/kg/min: 18085,01-Drips: 18085,02-Fluids (Crystalloids): 18085,Continuous Med: 18085,
dobutamine,CONTINUOUS,221653,Dobutamine,Dobutamine,inputevents,Medications,mg,Solution,10264,"Rate: 0.08, 5.0, 135.87; Amount: 0.01, 130.76, 1000.0",mg: 10264,mcg/kg/min: 10264,01-Drips: 10264,02-Fluids (Crystalloids): 10264,Continuous Med: 10264,
milrinone,CONTINUOUS,221986,Milrinone,Milrinone,inputevents,Medications,mg,Solution,10668,"Rate: 0.01, 0.33, 121.72; Amount: 0.0, 14.21, 21.9",mg: 10668,mcg/kg/min: 10668,01-Drips: 10668,02-Fluids (Crystalloids): 10668,Continuous Med: 10668,
propofol,BOTH,222168,Propofol,Propofol,inputevents,Medications,mg,Solution,498811,"Rate: -71.66, 32.14, 135793.85; Amount: -105.83, 167.59, 10000.0",mg: 402988,"mcg/kg/min: 402985, mg/hour: 3","01-Drips: 402988, 05-Med Bolus: 95823",02-Fluids (Crystalloids): 402988,"Continuous Med: 402988, Drug Push: 95823",
propofol,NO MAPPING,227210,Propofol (Intubation),Propofol (Intubation),chartevents,Intubation,mg,Numeric,1,"Min: , Mean: , Max:",,,,,,
propofol,NO MAPPING,226224,Propofol Ingredient,Propofol Ingredient,ingredientevents,Ingredients,mg,Ingredient,1,"Rate: , , ; Amount: , ,",,,,,,
dexmedetomidine,CONTINUOUS,229420,Dexmedetomidine (Precedex),Dexmedetomidine (Precedex),inputevents,Medications,mcg,Solution,92549,"Rate: 0.01, 0.8, 567.73; Amount: 0.0, 64.54, 3671.42","mcg: 80367, mg: 12182","mcg/kg/hour: 92544, mcg/min: 5",01-Drips: 92549,02-Fluids (Crystalloids): 92549,Continuous Med: 92549,
dexmedetomidine,CONTINUOUS,225150,Dexmedetomidine (Precedex),Dexmedetomidine (Precedex),inputevents,Medications,mcg,Solution,48368,"Rate: 0.01, 0.7, 868.53; Amount: 0.0, 79.66, 5938.4","mcg: 47047, mg: 1321",mcg/kg/hour: 48368,01-Drips: 48368,02-Fluids (Crystalloids): 48368,Continuous Med: 48368,
ketamine,BOTH,221712,Ketamine,Ketamine,inputevents,Medications,mg,Solution,14234,"Rate: 0.02, 0.6, 1736.25; Amount: 0.0, 100.0, 2685.07",mg: 13685,"mg/kg/hour: 13149, mg/hour: 455, mcg/kg/min: 69, mcg/min: 11, mg/min: 1","01-Drips: 13685, 05-Med Bolus: 549",02-Fluids (Crystalloids): 13685,"Continuous Med: 13685, Drug Push: 549",
ketamine,NO MAPPING,227211,Ketamine (Intubation),Ketamine (Intubation),chartevents,Intubation,mg,Numeric,1,"Min: , Mean: , Max:",,,,,,
midazolam,BOTH,221668,Midazolam (Versed),Midazolam (Versed),inputevents,Medications,mg,Solution,126814,"Rate: 0.02, 3.0, 3370.98; Amount: 0.0, 2.0, 750.0",mg: 62335,mg/hour: 62335,"05-Med Bolus: 64479, 01-Drips: 62335",02-Fluids (Crystalloids): 62335,"Drug Push: 64479, Continuous Med: 62335",
fentanyl,BOTH,221744,Fentanyl,Fentanyl,inputevents,Medications,mg,Solution,236221,"Rate: 0.0, 100.0, 150000.02; Amount: 0.0, 50.0, 2194.28","mg: 11958, mcg: 34",mcg/hour: 11992,"05-Med Bolus: 224229, 01-Drips: 11992",02-Fluids (Crystalloids): 11992,"Drug Push: 224229, Continuous Med: 11992",
fentanyl,CONTINUOUS,225942,Fentanyl (Concentrate),Fentanyl (Concentrate),inputevents,Medications,mg,Solution,138861,"Rate: 0.0, 100.0, 150000.02; Amount: 0.0, 0.34, 2500.0","mg: 138776, mcg: 85","mcg/hour: 138860, mcg/kg/hour: 1",01-Drips: 138861,02-Fluids (Crystalloids): 138861,Continuous Med: 138861,
fentanyl,NO MAPPING,225972,Fentanyl (Push),Fentanyl (Push),inputevents,Medications,mcg,Solution,1,"Rate: , , ; Amount: , ,",,,,,,
hydromorphone,BOTH,221833,Hydromorphone (Dilaudid),Hydromorphone (Dilaudid),inputevents,Medications,mg,Solution,125424,"Rate: 0.04, 3.0, 1016.95; Amount: 0.0, 0.5, 2500.0","mg: 15331, mcg: 1","mg/hour: 15331, mg/min: 1","05-Med Bolus: 110092, 01-Drips: 15332",02-Fluids (Crystalloids): 15332,"Drug Push: 110092, Continuous Med: 15332",
morphine,BOTH,225154,Morphine Sulfate,Morphine Sulfate,inputevents,Medications,mg,Solution,80659,"Rate: 0.3, 5.0, 1604.59; Amount: 0.0, 2.0, 989.5",mg: 8008,mg/hour: 8008,"05-Med Bolus: 72651, 01-Drips: 8008",02-Fluids (Crystalloids): 8008,"Drug Push: 72651, Continuous Med: 8008",
pentobarbital,CONTINUOUS,225156,Pentobarbital,Pentobarbital,inputevents,Medications,mg,Solution,850,"Rate: 0.07, 2.41, 1552.0; Amount: 1.4, 678.01, 5005.0",mg: 850,"mg/kg/hour: 836, mg/hour: 10, mg/min: 3, mcg/kg/min: 1",01-Drips: 850,02-Fluids (Crystalloids): 850,Continuous Med: 850,
lorazepam,BOTH,221385,Lorazepam (Ativan),Lorazepam (Ativan),inputevents,Medications,mg,Solution,42268,"Rate: 0.13, 2.5, 9.62; Amount: 0.0, 1.0, 61.7",mg: 233,mg/hour: 233,"05-Med Bolus: 42035, 01-Drips: 233",02-Fluids (Crystalloids): 233,"Drug Push: 42035, Continuous Med: 233",
furosemide,BOTH,221794,Furosemide (Lasix),Furosemide (Lasix),inputevents,Medications,mg,Solution,117125,"Rate: 0.05, 5.09, 3000.0; Amount: 0.0, 32.75, 1735.0",mg: 21254,mg/hour: 21254,"05-Med Bolus: 95871, 01-Drips: 21254",02-Fluids (Crystalloids): 21254,"Drug Push: 95871, Continuous Med: 21254",
furosemide,CONTINUOUS,228340,Furosemide (Lasix) 250/50,Furosemide (Lasix) 250/50,inputevents,Medications,mg,Solution,24590,"Rate: 0.5, 14.99, 14100.0; Amount: 0.02, 89.77, 930.6",mg: 24590,mg/hour: 24590,01-Drips: 24590,02-Fluids (Crystalloids): 24590,Continuous Med: 24590,
bumetanide,BOTH,229639,Bumetanide (Bumex),Bumetanide (Bumex),inputevents,Medications,mg,Solution,4086,"Rate: 0.2, 2.03, 12.1; Amount: 0.0, 5.0, 500.0",mg: 3473,mg/hour: 3473,"01-Drips: 3473, 05-Med Bolus: 613",02-Fluids (Crystalloids): 3473,"Continuous Med: 3473, Drug Push: 613",
heparin,UNSURE,224145,Heparin Dose (per hour),Heparin Dose (per hour),chartevents,Dialysis,units,Numeric,181081,"Min: -100.0, Mean: 325.87, Max: 160054.0",,,,,,
heparin,INTERMITTENT,225975,Heparin Sodium (Prophylaxis),Heparin Sodium (Prophylaxis),inputevents,Medications,dose,Solution,157876,"Rate: , , ; Amount: 0.0, 1.0, 7500.0",,,11-Prophylaxis (Non IV): 157876,,Drug Push: 157876,no unit recorded in the source data
heparin,NO MAPPING,229538,PICC - Heparin Dependent,PICC - Heparin Dependent,chartevents,Access Lines - Invasive,,Checkbox,117001,"0: 108873, 1: 8128",,,,,,
heparin,BOTH,225152,Heparin Sodium,Heparin Sodium,inputevents,Medications,units,Solution,98795,"Rate: 0.08, 1242.14, 1500000.0; Amount: -824.27, 7616.05, 99999.0",units: 88730,"units/hour: 88728, units/kg/hour: 2","01-Drips: 88730, 05-Med Bolus: 9978, 12-Parenteral Nutrition: 87","02-Fluids (Crystalloids): 88730, Additives (PN): 87","Continuous Med: 88730, Drug Push: 9978, Continuous IV: 87",
heparin,NO MAPPING,229375,UF Heparin (Anti-Xa),UF Heparin (Anti-Xa),chartevents,Labs,,Numeric with tag,11538,Numeric with tag,,,,,,
heparin,NO MAPPING,225958,Heparin Concentration (units/mL),Heparin Concentration  (units/mL),chartevents,Dialysis,,Text,9757,"Not applicable: 8667, 100: 995, 1000: 95",,,,,,
heparin,CONTINUOUS,229597,Heparin Sodium (Impella),Heparin Sodium (Impella),inputevents,Medications,units,Solution,1796,"Rate: 5.0, 550.0, 300000.0; Amount: 0.62, 1230.5, 25265.0",units: 1796,"units/hour: 1795, units/min: 1",01-Drips: 1796,02-Fluids (Crystalloids): 1796,Continuous Med: 1796,
heparin,CONTINUOUS,230044,Heparin Sodium (CRRT-Prefilter),Heparin Sodium (CRRT-Prefilter),inputevents,Medications,units,Solution,66,"Rate: 200.01, 500.0, 1054.85; Amount: 183.33, 10066.67, 25000.0",units: 66,units/hour: 66,01-Drips: 66,02-Fluids (Crystalloids): 66,Continuous Med: 66,
heparin,NO MAPPING,229373,UF Heparin (Anti-Xa)_U_1,UF Heparin (Anti-Xa)_U_1,chartevents,Labs,,Numeric,1,"Min: , Mean: , Max:",,,,,,
argatroban,CONTINUOUS,225147,Argatroban,Argatroban,inputevents,Medications,mg,Solution,3240,"Rate: 0.05, 1.25, 136.43; Amount: 0.01, 34.7, 250.2",mg: 3240,mcg/kg/min: 3240,01-Drips: 3240,02-Fluids (Crystalloids): 3240,Continuous Med: 3240,
eptifibatide,CONTINUOUS,225151,Eptifibatide (Integrilin),Eptifibatide (Integrilin),inputevents,Medications,mg,Solution,1233,"Rate: 0.5, 2.0, 16.45; Amount: 0.08, 73.35, 100.0",mg: 1233,mcg/kg/min: 1233,01-Drips: 1233,02-Fluids (Crystalloids): 1233,Continuous Med: 1233,
amiodarone,BOTH,221347,Amiodarone,Amiodarone,inputevents,Medications,mg,Solution,9944,"Rate: 0.05, 0.5, 600.0; Amount: 0.0, 150.0, 900.0",mg: 4868,"mg/min: 4859, mg/hour: 9","05-Med Bolus: 5076, 01-Drips: 4868",02-Fluids (Crystalloids): 4868,"Drug Push: 5076, Continuous Med: 4868",
amiodarone,CONTINUOUS,228339,Amiodarone 600/500,Amiodarone 600/500,inputevents,Medications,mg,Solution,8026,"Rate: 0.02, 0.5, 451.0; Amount: 0.03, 343.0, 709.32",mg: 8026,"mg/min: 8025, mg/hour: 1",01-Drips: 8026,02-Fluids (Crystalloids): 8026,Continuous Med: 8026,
amiodarone,CONTINUOUS,229654,Amiodarone 450/250,Amiodarone 450/250,inputevents,Medications,mg,Solution,5438,"Rate: 0.03, 0.5, 150.0; Amount: 0.05, 361.0, 450.43",mg: 5438,mg/min: 5438,01-Drips: 5438,02-Fluids (Crystalloids): 5438,Continuous Med: 5438,
amiodarone,CONTINUOUS,230034,Amiodarone 150/100,Amiodarone 150/100,inputevents,Medications,mg,Solution,94,"Rate: 5.0, 300.0, 1500.0; Amount: 40.0, 150.0, 150.0",mg: 94,"mg/hour: 76, mg/min: 17, mcg/kg/min: 1",01-Drips: 94,02-Fluids (Crystalloids): 94,Continuous Med: 94,
lidocaine,BOTH,225945,Lidocaine,Lidocaine,inputevents,Medications,mg,Solution,1783,"Rate: 0.04, 1.0, 400.0; Amount: 0.0, 292.0, 2000.0",mg: 1311,mg/min: 1311,"01-Drips: 1311, 05-Med Bolus: 472",02-Fluids (Crystalloids): 1311,"Continuous Med: 1311, Drug Push: 472",
lidocaine,NO MAPPING,228052,Topical Lidocaine used (Bronch),Topical Lidocaine used (Bronch),chartevents,Bronchoscopy,,Text,1,,,,,,,
lidocaine,NO MAPPING,225257,Lidocaine 1% (PACEN),Lidocaine 1% (PACEN),chartevents,Paracentesis,mL SC,Numeric,1,"Min: , Mean: , Max:",,,,,,
lidocaine,NO MAPPING,229486,Topical Lidocaine used (SBNET),Topical Lidocaine used (SBNET),chartevents,SBNET,,Text,1,,,,,,,
lidocaine,NO MAPPING,224491,Lidocaine 1% (LP),Lidocaine 1% (LP),chartevents,Lumbar Puncture,mL SC,Numeric,1,"Min: , Mean: , Max:",,,,,,
lidocaine,NO MAPPING,224505,Lidocaine 1% (THCEN),Lidocaine 1% (THCEN),chartevents,Thoracentesis,mL SC,Numeric,1,"Min: , Mean: , Max:",,,,,,
nicardipine,CONTINUOUS,222042,Nicardipine,Nicardipine,inputevents,Medications,mg,Solution,42005,"Rate: 0.01, 1.39, 1739.72; Amount: 0.0, 5.44, 172.37",mg: 42005,"mcg/kg/min: 40992, mg/hour: 1013",01-Drips: 42005,02-Fluids (Crystalloids): 42005,Continuous Med: 42005,
nicardipine,CONTINUOUS,229624,Nicardipine 40mg/200,Nicardipine 40mg/200,inputevents,Medications,mg,Solution,16065,"Rate: 0.05, 1.5, 2422.25; Amount: 0.02, 5.1, 161.48",mg: 16065,"mcg/kg/min: 12721, mg/hour: 3344",01-Drips: 16065,02-Fluids (Crystalloids): 16065,Continuous Med: 16065,
clevidipine,CONTINUOUS,229234,Clevidipine (Cleviprex),Clevidipine (Cleviprex),inputevents,Medications,mg,Solution,7456,"Rate: 0.24, 6.0, 240.0; Amount: 0.01, 4.02, 25.1",mg: 7456,mg/hour: 7456,01-Drips: 7456,02-Fluids (Crystalloids): 7456,Continuous Med: 7456,
nitroprusside,CONTINUOUS,222051,Nitroprusside,Nitroprusside,inputevents,Medications,mg,Solution,8381,"Rate: 0.02, 1.0, 541.67; Amount: 0.01, 3.27, 200.0",mg: 8381,mcg/kg/min: 8381,01-Drips: 8381,02-Fluids (Crystalloids): 8381,Continuous Med: 8381,
esmolol,CONTINUOUS,221429,Esmolol,Esmolol,inputevents,Medications,mg,Solution,16172,"Rate: 0.99, 114.64, 2569.04; Amount: 0.4, 654.82, 12609.3","mg: 16168, mcg: 4","mcg/kg/min: 16167, mcg/min: 4, mg/min: 1",01-Drips: 16172,02-Fluids (Crystalloids): 16172,Continuous Med: 16172,
diltiazem,BOTH,221468,Diltiazem,Diltiazem,inputevents,Medications,mg,Solution,17787,"Rate: 0.5, 10.0, 7500.0; Amount: 0.0, 12.33, 146.3",mg: 12628,"mg/hour: 12623, mcg/min: 5","01-Drips: 12628, 05-Med Bolus: 5159",02-Fluids (Crystalloids): 12628,"Continuous Med: 12628, Drug Push: 5159",
labetalol,BOTH,225153,Labetalol,Labetalol,inputevents,Medications,mg,Solution,26275,"Rate: -45.3, 1.5, 387.9; Amount: -45.3, 10.0, 2872.65","mg: 7730, dose: 1","mg/min: 7729, mg/hour: 2","05-Med Bolus: 18544, 01-Drips: 7731",02-Fluids (Crystalloids): 7731,"Drug Push: 18544, Continuous Med: 7731",
procainamide,CONTINUOUS,222151,Procainamide,Procainamide,inputevents,Medications,mg,Solution,178,"Rate: 0.25, 4.02, 60.0; Amount: 6.0, 982.8, 2000.0",mg: 178,mg/min: 178,01-Drips: 178,02-Fluids (Crystalloids): 178,Continuous Med: 178,
adenosine,INTERMITTENT,221282,Adenosine,Adenosine,inputevents,Medications,mg,Solution,516,"Rate: , , ; Amount: 0.0, 6.0, 18.0",,,05-Med Bolus: 516,,Drug Push: 516,
cisatracurium,BOTH,221555,Cisatracurium,Cisatracurium,inputevents,Medications,mg,Solution,21010,"Rate: 0.01, 0.15, 38.46; Amount: 0.0, 48.88, 800.0",mg: 19254,"mg/kg/hour: 19204, mg/hour: 50","01-Drips: 19254, 05-Med Bolus: 1756",02-Fluids (Crystalloids): 19254,"Continuous Med: 19254, Drug Push: 1756",
vecuronium,BOTH,222062,Vecuronium,Vecuronium,inputevents,Medications,mg,Solution,771,"Rate: 0.01, 0.05, 0.32; Amount: 0.05, 10.0, 100.0",mg: 176,"mg/kg/hour: 175, mcg/kg/min: 1","05-Med Bolus: 595, 01-Drips: 176",02-Fluids (Crystalloids): 176,"Drug Push: 595, Continuous Med: 176",
vecuronium,NO MAPPING,227213,Vecuronium (Intubation),Vecuronium (Intubation),chartevents,Intubation,mg,Numeric,1,"Min: , Mean: , Max:",,,,,,
rocuronium,BOTH,229233,Rocuronium,Rocuronium,inputevents,Medications,mg,Solution,4624,"Rate: 0.5, 8.03, 983.69; Amount: 0.0, 108.36, 800.0",mg: 3021,mcg/kg/min: 3021,"01-Drips: 3021, 05-Med Bolus: 1603",02-Fluids (Crystalloids): 3021,"Continuous Med: 3021, Drug Push: 1603",
rocuronium,NO MAPPING,229788,Rocuronium (Intubation),Rocuronium (Intubation),chartevents,Intubation,mg,Numeric,1,"Min: , Mean: , Max:",,,,,,
treprostinil,CONTINUOUS,229066,Treprostinil (Remodulin),Treprostinil (Remodulin),inputevents,Medications,mg,Solution,239,"Rate: 0.0, 10.14, 83.01; Amount: 0.0, 0.33, 2997.0","mg: 237, mcg: 2","ng/kg/min: 174, mcg/kg/min: 45, mg/hour: 10, mcg/min: 10",01-Drips: 239,02-Fluids (Crystalloids): 239,Continuous Med: 239,
epoprostenol,CONTINUOUS,229760,Epoprostenol (Veletri),Epoprostenol (Veletri),inputevents,Medications,ng,Solution,982,"Rate: 0.05, 40.25, 58.14; Amount: 0.0, 1.23, 4.5",mg: 982,"ng/kg/min: 888, mcg/kg/min: 94",01-Drips: 982,02-Fluids (Crystalloids): 982,Continuous Med: 982,
epoprostenol,UNSURE,229366,Epoprostenol (Inhaled),Epoprostenol (Inhaled),procedureevents,Medications,,Processes,440,"Min: 1.0, Mean: 6178.76, Max: 58999.0",,,,,,
octreotide,CONTINUOUS,225155,Octreotide,Octreotide,inputevents,Medications,mg,Solution,7295,"Rate: 4.2, 50.0, 3000.0; Amount: 0.0, 481.5, 710.0","mcg: 5284, mg: 2011",mcg/hour: 7295,01-Drips: 7295,02-Fluids (Crystalloids): 7295,Continuous Med: 7295,
pantoprazole,BOTH,225910,Pantoprazole (Protonix),Pantoprazole (Protonix),inputevents,Medications,dose,Solution,65518,"Rate: 1.0, 8.0, 6000.0; Amount: 0.1, 1.0, 269.44",mg: 8091,mg/hour: 8091,"10-Prophylaxis (IV): 51633, 01-Drips: 8091, 11-Prophylaxis (Non IV): 5794",02-Fluids (Crystalloids): 59724,"Drug Push: 57427, Continuous Med: 8091",
esomeprazole,INTERMITTENT,229615,Esomeprazole (Nexium),Esomeprazole (Nexium),inputevents,Medications,dose,Solution,185,"Rate: , , ; Amount: 1.0, 1.0, 40.0",,,10-Prophylaxis (IV): 185,02-Fluids (Crystalloids): 185,Drug Push: 185,
insulin,BOTH,223258,Insulin - Regular,Insulin - Regular,inputevents,Medications,units,Solution,337446,"Rate: 0.0, 4.0, 3013.04; Amount: 0.0, 4.0, 2316.67",units: 158888,units/hour: 158888,"01-Drips: 158888, 06-Insulin (Non IV): 142496, 05-Med Bolus: 33817, 12-Parenteral Nutrition: 2245","02-Fluids (Crystalloids): 158888, Additives (PN): 2245","Drug Push: 176313, Continuous Med: 158888, Continuous IV: 2245",
insulin,NO MAPPING,228236,Insulin pump,Insulin pump,chartevents,Adm History/FHPA,,Checkbox,167665,"0: 166612, 1: 1053",,,,,,
insulin,INTERMITTENT,223262,Insulin - Humalog,Insulin - Humalog,inputevents,Medications,units,Solution,97298,"Rate: , , ; Amount: 0.0, 4.0, 223.0",,,"06-Insulin (Non IV): 96265, 05-Med Bolus: 1033",,Drug Push: 97298,
insulin,INTERMITTENT,223260,Insulin - Glargine,Insulin - Glargine,inputevents,Medications,units,Solution,37251,"Rate: , , ; Amount: 0.0, 20.0, 180.0",,,06-Insulin (Non IV): 37251,,Drug Push: 37251,
insulin,INTERMITTENT,223259,Insulin - NPH,Insulin - NPH,inputevents,Medications,units,Solution,10718,"Rate: , , ; Amount: 0.0, 15.0, 180.0",,,06-Insulin (Non IV): 10718,,Drug Push: 10718,
insulin,INTERMITTENT,229299,Insulin - Novolog,Insulin - Novolog,inputevents,Medications,units,Solution,1241,"Rate: , , ; Amount: 0.0, 5.0, 64.0",,,06-Insulin (Non IV): 1241,,Drug Push: 1241,
insulin,INTERMITTENT,223257,Insulin - 70/30,Insulin - 70/30,inputevents,Medications,units,Solution,864,"Rate: , , ; Amount: 0.0, 20.0, 100.0",,,06-Insulin (Non IV): 864,,Drug Push: 864,
insulin,INTERMITTENT,223261,Insulin - Humalog 75/25,Insulin - Humalog 75/25,inputevents,Medications,units,Solution,364,"Rate: , , ; Amount: 0.0, 20.0, 100.0",,,06-Insulin (Non IV): 364,,Drug Push: 364,
insulin,INTERMITTENT,229619,Insulin - U500,Insulin - U500,inputevents,Medications,units,Solution,25,"Rate: , , ; Amount: 0.0, 40.0, 80.0",,,06-Insulin (Non IV): 25,,Drug Push: 25,
insulin,NO MAPPING,226222,Insulin Ingredient,Insulin Ingredient,ingredientevents,Ingredients,units,Ingredient,1,"Rate: , , ; Amount: , ,",,,,,,
sodium bicarbonate,CONTINUOUS,220995,Sodium Bicarbonate 8.4%,Sodium Bicarbonate 8.4%,inputevents,Medications,mEq,Solution,10203,"Rate: , , ; Amount: 0.04, 114.38, 7545.78",,,02-Fluids (Crystalloids): 10203,Additive (Crystalloid): 10203,Continuous IV: 10203,
sodium bicarbonate,INTERMITTENT,227533,Sodium Bicarbonate 8.4% (Amp),Sodium Bicarbonate 8.4% (Amp),inputevents,Fluids/Intake,mL,Solution,6646,"Rate: , , ; Amount: 0.0, 50.0, 1000.0",,,05-Med Bolus: 6646,,Drug Push: 6646,
sodium bicarbonate,NO MAPPING,221211,"Sodium Bicarbonate 1,4%","NaBic 1,4%",inputevents,Fluids - Other (Not In Use),mL,Solution,1,"Rate: , , ; Amount: , ,",,,,,,
tpn,CONTINUOUS,225916,TPN w/ Lipids,TPN w/ Lipids,inputevents,Nutrition - Parenteral,mL,Solution,7855,"Rate: 2.09, 75.0, 12547.07; Amount: 0.83, 1484.4, 3000.0",mL: 7855,mL/hour: 7855,12-Parenteral Nutrition: 7855,Additives (PN): 7855,Continuous IV: 7855,
tpn,CONTINUOUS,225917,TPN without Lipids,TPN without Lipids,inputevents,Nutrition - Parenteral,mL,Solution,5323,"Rate: 1.75, 58.33, 20790.0; Amount: 0.2, 998.6, 5000.0",mL: 5323,mL/hour: 5323,12-Parenteral Nutrition: 5323,Additives (PN): 5323,Continuous IV: 5323,
magnesium,NO MAPPING,220635,Magnesium,Magnesium,chartevents,Labs,,Numeric,575327,"Min: 0.0, Mean: 68.17, Max: 999999.0",,,,,,
magnesium,CONTINUOUS,222011,Magnesium Sulfate,Magnesium Sulfate,inputevents,Medications,grams,Solution,82477,"Rate: , , ; Amount: 0.01, 2.0, 444.0",,,02-Fluids (Crystalloids): 82477,Additive (Crystalloid): 82477,Continuous IV: 82477,
magnesium,INTERMITTENT,227523,Magnesium Sulfate (Bolus),Magnesium Sulfate (Bolus),inputevents,Medications,mL,Solution,58805,"Rate: 0.5, 50.0, 1000.0; Amount: 0.42, 50.0, 500.0",mL: 58805,"mL/hour: 58802, mL/min: 3",02-Fluids (Crystalloids): 58805,Additive (Crystalloid): 58805,Continuous IV: 58805,
magnesium,CONTINUOUS,227524,Magnesium Sulfate (OB-GYN),Magnesium Sulfate (OB-GYN),inputevents,Medications,grams,Solution,143,"Rate: 0.5, 2.0, 171.43; Amount: 0.17, 10.1, 20.0",grams: 143,grams/hour: 143,01-Drips: 143,02-Fluids (Crystalloids): 143,Continuous Med: 143,
magnesium,NO MAPPING,220422,Magnesium (ingr),Mg (ingr),ingredientevents,Ingredients - general (Not In Use),mg,Ingredient,1,"Rate: , , ; Amount: , ,",,,,,,
dextrose,BOTH,220949,Dextrose 5%,Dextrose 5%,inputevents,Fluids/Intake,mL,Solution,1234818,"Rate: -118.5, 14.32, 30000.0; Amount: -8.24, 77.66, 100500.0",mL: 779247,"mL/hour: 779241, mL/min: 5, mL/kg/hour: 1","01-Drips: 701963, 08-Antibiotics (IV): 453573, 02-Fluids (Crystalloids): 77284, 03-IV Fluid Bolus: 1998","02-Fluids (Crystalloids): 1155536, Additive (Crystalloid): 77284","Continuous Med: 701963, Drug Push: 453573, Continuous IV: 77284, Bolus: 1998",
dextrose,INTERMITTENT,220952,Dextrose 50%,Dextrose 50%,inputevents,Fluids/Intake,mL,Solution,16333,"Rate: , , ; Amount: 0.0, 25.0, 240.0",,,05-Med Bolus: 16333,,Drug Push: 16333,
dextrose,BOTH,220950,Dextrose 10%,Dextrose 10%,inputevents,Fluids/Intake,mL,Solution,5429,"Rate: 0.5, 40.45, 1525.42; Amount: 0.08, 209.72, 2000.0","mL: 5422, L: 2",mL/hour: 5424,"02-Fluids (Crystalloids): 5424, 03-IV Fluid Bolus: 5",Additive (Crystalloid): 5424,"Continuous IV: 5424, Bolus: 5",
dextrose,CONTINUOUS,225947,Dextrose PN,Dextrose PN,inputevents,Nutrition - Parenteral,grams,Solution,4044,"Rate: , , ; Amount: 0.07, 208.63, 2100.0",,,12-Parenteral Nutrition: 4044,Additives (PN): 4044,Continuous IV: 4044,
dextrose,CONTINUOUS,228140,Dextrose 20%,Dextrose 20%,inputevents,"Continuous IV: 741, Continuous Med: 50",mL,Solution,791,"Rate: 2.0, 49.95, 731.71; Amount: 0.17, 247.58, 1006.7",mL: 791,mL/hour: 791,"02-Fluids (Crystalloids): 741, 01-Drips: 50","Additive (Crystalloid): 741, 02-Fluids (Crystalloids): 50",,
dextrose,CONTINUOUS,228142,Dextrose 40%,Dextrose 40%,inputevents,Fluids/Intake,mL,Solution,59,"Rate: 5.0, 25.0, 357.14; Amount: 3.0, 236.0, 1000.0",mL: 59,mL/hour: 59,02-Fluids (Crystalloids): 59,Additive (Crystalloid): 59,Continuous IV: 59,
dextrose,CONTINUOUS,228141,Dextrose 30%,Dextrose 30%,inputevents,Fluids/Intake,mL,Solution,24,"Rate: 8.0, 100.76, 199.78; Amount: 8.0, 447.55, 1000.0",mL: 24,mL/hour: 24,02-Fluids (Crystalloids): 24,Additive (Crystalloid): 24,Continuous IV: 24,
dextrose,NO MAPPING,220967,Dextrose 5% / Ringers Lactate,Dextrose 5% / Ringers Lactate,inputevents,Fluids - Other (Not In Use),mL,Solution,1,"Rate: , , ; Amount: , ,",,,,,,
dextrose,NO MAPPING,220966,"Dextrose 2,5% / Saline 0,45%","Dextrose 2,5% / Saline 0,45%",inputevents,Fluids - Other (Not In Use),mL,Solution,1,"Rate: , , ; Amount: , ,",,,,,,
dextrose,NO MAPPING,220964,"Dextrose 5% / Saline 0,9%","Dextrose 5% / Saline 0,9%",inputevents,Fluids - Other (Not In Use),mL,Solution,1,"Rate: , , ; Amount: , ,",,,,,,
dextrose,NO MAPPING,220965,"Dextrose 5% / Saline 0,45%","Dextrose 5% / Saline 0,45%",inputevents,Fluids - Other (Not In Use),mL,Solution,1,"Rate: , , ; Amount: , ,",,,,,,
dextrose,NO MAPPING,220951,Dextrose 20.%,Dextrose 20.%,inputevents,Fluids - Other (Not In Use),mL,Solution,1,"Rate: , , ; Amount: , ,",,,,,,
dextrose,NO MAPPING,220963,"Dextrose 4,3% / Saline 0,18%","Dextrose 4,3% / Saline 0,18%",inputevents,Fluids - Other (Not In Use),mL,Solution,1,"Rate: , , ; Amount: , ,",,,,,,
dextrose,NO MAPPING,221002,Dextran 70 / Dextrose 5% (Gentran - Macrodex - RescueFlow),Dextran 70 / Dextrose 5%,inputevents,Fluids - Other (Not In Use),mL,Solution,1,"Rate: , , ; Amount: , ,",,,,,,
dextrose,NO MAPPING,221017,"Dextrose 2,5%","Dextrose 2,5%",inputevents,Fluids - Other (Not In Use),mL,Solution,1,"Rate: , , ; Amount: , ,",,,,,,
dextrose,NO MAPPING,221014,Dextrose 19%,Dextrose 19%,inputevents,Fluids - Other (Not In Use),mL,Solution,1,"Rate: , , ; Amount: , ,",,,,,,
dextrose,NO MAPPING,220968,Dextrose 10% / Ringers Lactate,Dextrose 10% / Ringers Lactate,inputevents,Fluids - Other (Not In Use),mL,Solution,1,"Rate: , , ; Amount: , ,",,,,,,
dextrose,NO MAPPING,221000,Dextran 40 / Dextrose 5% (Gentran - Rheomacrodex),Dextran 40 / Dextrose 5%,inputevents,Fluids - Other (Not In Use),mL,Solution,1,"Rate: , , ; Amount: , ,",,,,,,
aminocaproic,CONTINUOUS,229058,Aminocaproic acid (Amicar),Aminocaproic acid (Amicar),inputevents,Medications,grams,Solution,287,"Rate: 0.5, 1.02, 5000.0; Amount: 0.02, 6.1, 10000.0","grams: 223, mg: 64","grams/hour: 241, mg/hour: 46",01-Drips: 287,02-Fluids (Crystalloids): 287,Continuous Med: 287,
aminocaproic,NO MAPPING,229249,Aminocaproic acid (Amicar),Aminocaproic acid (Amicar),inputevents,Medications,mg,Solution,1,"Rate: , , ; Amount: , ,",,,,,,
aminophylline,CONTINUOUS,221342,Aminophylline,Aminophylline,inputevents,Medications,mg,Solution,20,"Rate: 0.3, 0.3, 0.71; Amount: 67.52, 248.85, 250.0",mg: 20,mg/kg/hour: 20,01-Drips: 20,02-Fluids (Crystalloids): 20,Continuous Med: 20,
naloxone,BOTH,222021,Naloxone (Narcan),Naloxone (Narcan),inputevents,Medications,mg,Solution,754,"Rate: 0.0, 0.2, 400.0; Amount: 0.0, 0.4, 4000.0",mg: 415,"mg/hour: 266, mcg/kg/min: 140, mcg/hour: 9","01-Drips: 415, 05-Med Bolus: 339",02-Fluids (Crystalloids): 415,"Continuous Med: 415, Drug Push: 339",
acetaminophen,BOTH,228315,Acetaminophen-IV,Acetaminophen-IV,inputevents,Medications,mg,Solution,78379,"Rate: 1.82, 66.67, 4000.0; Amount: 0.0, 1000.0, 1066.67",mg: 37801,"mg/min: 37796, mg/hour: 5","05-Med Bolus: 40578, 01-Drips: 37801",02-Fluids (Crystalloids): 37801,"Drug Push: 40578, Continuous Med: 37801",
acyclovir,INTERMITTENT,225837,Acyclovir,Acyclovir,inputevents,Antibiotics,dose,Solution,11537,"Rate: , , ; Amount: 0.0, 1.0, 1000.0",,,"08-Antibiotics (IV): 10186, 09-Antibiotics (Non IV): 1351",02-Fluids (Crystalloids): 10186,"Drug Push: 10186, Non Iv Meds: 1351",
alteplase,CONTINUOUS,221319,Alteplase (TPA),Alteplase (TPA),inputevents,Medications,mg,Solution,868,"Rate: 0.04, 1.0, 600.0; Amount: 0.0, 7.67, 100.0",mg: 868,"mg/hour: 858, mg/kg/hour: 8, mg/min: 2",01-Drips: 868,02-Fluids (Crystalloids): 868,Continuous Med: 868,
amikacin,INTERMITTENT,225840,Amikacin,Amikacin,inputevents,Antibiotics,dose,Solution,407,"Rate: , , ; Amount: 1.0, 1.0, 1000.0",,,08-Antibiotics (IV): 407,02-Fluids (Crystalloids): 407,Drug Push: 407,
amoxicillin_clavulanate,NOT AVAILABLE,,,,,,,,,,,,,,,
amphotericin_b,NOT AVAILABLE,226403,GU Irrigant - Amphotericin B,GU Irrigant - Amphotericin B,inputevents,Fluids/Intake,mL,Solution,1,"Rate: , , ; Amount: , ,",,,,,,
ampicillin_sulbactam,INTERMITTENT,225843,Ampicillin/Sulbactam (Unasyn),Ampicillin/Sulbactam (Unasyn),inputevents,Antibiotics,dose,Solution,9262,"Rate: , , ; Amount: 1.0, 1.0, 300.0",,,08-Antibiotics (IV): 9262,02-Fluids (Crystalloids): 9262,Drug Push: 9262,Ampicillin alone also exists (but not mapped yet)
anakinra,NOT AVAILABLE,,,,,,,,,,,,,,,
atracurium,NOT AVAILABLE,221555,Cisatracurium,Cisatracurium,inputevents,Medications,mg,Solution,21010,"Rate: 0.01, 0.15, 38.46; Amount: 0.0, 48.88, 800.0",mg: 19254,"mg/kg/hour: 19204, mg/hour: 50","01-Drips: 19254, 05-Med Bolus: 1756",02-Fluids (Crystalloids): 19254,"Continuous Med: 19254, Drug Push: 1756",Cisatracurium and atracurium are different drugs and there is already a sep entry for cisatracurium
atracurium,NOT AVAILABLE,227214,Cis-atracurium (Intubation),Cis-atracurium (Intubation),chartevents,Intubation,mg,Numeric,1,"Min: , Mean: , Max:",,,,,,
axicabtagene_ciloleucel,NOT AVAILABLE,,,,,,,,,,,,,,,
azithromycin,INTERMITTENT,225845,Azithromycin,Azithromycin,inputevents,Antibiotics,dose,Solution,5592,"Rate: , , ; Amount: 0.0, 1.0, 1200.0",,,"08-Antibiotics (IV): 4593, 09-Antibiotics (Non IV): 999",02-Fluids (Crystalloids): 4593,"Drug Push: 4593, Non Iv Meds: 999",
aztreonam,INTERMITTENT,225847,Aztreonam,Aztreonam,inputevents,Antibiotics,dose,Solution,3173,"Rate: , , ; Amount: 1.0, 1.0, 2000.0",,,08-Antibiotics (IV): 3173,02-Fluids (Crystalloids): 3173,Drug Push: 3173,
betamethasone,NOT AVAILABLE,,,,,,,,,,,,,,,
brexucabtagene_autoleucel,NOT AVAILABLE,,,,,,,,,,,,,,,
cefadroxil,NOT AVAILABLE,,,,,,,,,,,,,,,
cefazolin,INTERMITTENT,225850,Cefazolin,Cefazolin,inputevents,Antibiotics,dose,Solution,45552,"Rate: , , ; Amount: 0.0, 1.0, 500.0",,,08-Antibiotics (IV): 45552,02-Fluids (Crystalloids): 45552,Drug Push: 45552,
cefdinir,NOT AVAILABLE,,,,,,,,,,,,,,,
cefepime,INTERMITTENT,225851,Cefepime,Cefepime,inputevents,Antibiotics,dose,Solution,74821,"Rate: , , ; Amount: 0.0, 1.0, 2000.0",,,08-Antibiotics (IV): 74821,02-Fluids (Crystalloids): 74821,Drug Push: 74821,
cefiderocol,NOT AVAILABLE,,,,,,,,,,,,,,,
cefixime,NOT AVAILABLE,,,,,,,,,,,,,,,
cefotaxime,NOT AVAILABLE,,,,,,,,,,,,,,,
cefotetan,NOT AVAILABLE,,,,,,,,,,,,,,,
cefoxitin,NOT AVAILABLE,,,,,,,,,,,,,,,
ceftaroline,INTERMITTENT,229587,Ceftaroline,Ceftaroline,inputevents,Antibiotics,dose,Solution,359,"Rate: , , ; Amount: 1.0, 1.0, 650.0",,,08-Antibiotics (IV): 359,02-Fluids (Crystalloids): 359,Drug Push: 359,
ceftazidime,INTERMITTENT,225853,Ceftazidime,Ceftazidime,inputevents,Antibiotics,dose,Solution,12870,"Rate: , , ; Amount: 1.0, 1.0, 2000.0",,,08-Antibiotics (IV): 12870,02-Fluids (Crystalloids): 12870,Drug Push: 12870,
ceftazidime_avibactam,NOT AVAILABLE,,,,,,,,,,,,,,,
ceftazidime_clavulanate,NOT AVAILABLE,,,,,,,,,,,,,,,
ceftolozane_tazobactam,NOT AVAILABLE,,,,,,,,,,,,,,,tazobactam alone is available (elsewhere mapped)
ceftriaxone,INTERMITTENT,225855,Ceftriaxone,Ceftriaxone,inputevents,Antibiotics,dose,Solution,22154,"Rate: , , ; Amount: 0.0, 1.0, 2000.0",,,08-Antibiotics (IV): 22154,02-Fluids (Crystalloids): 22154,Drug Push: 22154,
cefuroxime,NOT AVAILABLE,,,,,,,,,,,,,,,
cephalexin,NOT AVAILABLE,,,,,,,,,,,,,,,
chloramphenicol,NOT AVAILABLE,229059,Chloramphenicol,Chloramphenicol,inputevents,Antibiotics,dose,Solution,1,"Rate: , , ; Amount: , ,",,,,,,
ciltacabtagene_autoleucel,NOT AVAILABLE,,,,,,,,,,,,,,,
ciprofloxacin,INTERMITTENT,225859,Ciprofloxacin,Ciprofloxacin,inputevents,Antibiotics,dose,Solution,18474,"Rate: , , ; Amount: 0.0, 1.0, 750.0",,,"08-Antibiotics (IV): 16998, 09-Antibiotics (Non IV): 1476",02-Fluids (Crystalloids): 16998,"Drug Push: 16998, Non Iv Meds: 1476",
clarithromycin,NOT AVAILABLE,,,,,,,,,,,,,,,
clindamycin,INTERMITTENT,225860,Clindamycin,Clindamycin,inputevents,Antibiotics,dose,Solution,6684,"Rate: , , ; Amount: 1.0, 1.0, 900.0",,,"08-Antibiotics (IV): 6533, 09-Antibiotics (Non IV): 151",02-Fluids (Crystalloids): 6533,"Drug Push: 6533, Non Iv Meds: 151",
colistin,INTERMITTENT,225862,Colistin,Colistin,inputevents,Antibiotics,dose,Solution,332,"Rate: , , ; Amount: 1.0, 1.0, 90.0",,,08-Antibiotics (IV): 332,02-Fluids (Crystalloids): 332,Drug Push: 332,
fludrocoritisone,NOT AVAILABLE,,,,,,,,,,,,,,,
daptomycin,INTERMITTENT,225863,Daptomycin,Daptomycin,inputevents,Antibiotics,dose,Solution,2772,"Rate: , , ; Amount: 1.0, 1.0, 800.0",,,08-Antibiotics (IV): 2772,02-Fluids (Crystalloids): 2772,Drug Push: 2772,
dexamethasone,NOT AVAILABLE,,,,,,,,,,,,,,,
diazepam,INTERMITTENT,221623,Diazepam (Valium),Diazepam (Valium),inputevents,Medications,mg,Solution,4767,"Rate: , , ; Amount: 0.0, 10.0, 50.0",,,05-Med Bolus: 4767,,Drug Push: 4767,
dicloxacillin,NOT AVAILABLE,,,,,,,,,,,,,,,
diphenhydramine,NOT AVAILABLE,,,,,,,,,,,,,,,
doripenem,NOT AVAILABLE,,,,,,,,,,,,,,,
dornase_alfa,NOT AVAILABLE,,,,,,,,,,,,,,,
doxycycline,INTERMITTENT,225865,Doxycycline,Doxycycline,inputevents,Antibiotics,dose,Solution,1751,"Rate: , , ; Amount: 1.0, 1.0, 100.0",,,08-Antibiotics (IV): 1751,02-Fluids (Crystalloids): 1751,Drug Push: 1751,
ertapenem,INTERMITTENT,229061,Ertapenem sodium (Invanz),Ertapenem sodium (Invanz),inputevents,Antibiotics,dose,Solution,39,"Rate: , , ; Amount: 1.0, 1.0, 1.0",,,08-Antibiotics (IV): 39,02-Fluids (Crystalloids): 39,Drug Push: 39,
erythromycin,INTERMITTENT,225866,Erythromycin,Erythromycin,inputevents,Antibiotics,dose,Solution,965,"Rate: , , ; Amount: 1.0, 1.0, 500.0",,,"08-Antibiotics (IV): 740, 09-Antibiotics (Non IV): 225",02-Fluids (Crystalloids): 740,"Drug Push: 740, Non Iv Meds: 225",
etomidate,NOT AVAILABLE,227212,Etomidate (Intubation),Etomidate (Intubation),chartevents,Intubation,mg,Numeric,1,"Min: , Mean: , Max:",,,,,,
fidaxomicin,NOT AVAILABLE,,,,,,,,,,,,,,,
fluconazole,INTERMITTENT,225869,Fluconazole,Fluconazole,inputevents,Antibiotics,dose,Solution,5455,"Rate: , , ; Amount: 1.0, 1.0, 1600.0",,,"08-Antibiotics (IV): 4978, 09-Antibiotics (Non IV): 477",02-Fluids (Crystalloids): 4978,"Drug Push: 4978, Non Iv Meds: 477",
fosfomycin,NOT AVAILABLE,,,,,,,,,,,,,,,
gentamicin,INTERMITTENT,225875,Gentamicin,Gentamicin,inputevents,Antibiotics,dose,Solution,2535,"Rate: , , ; Amount: 1.0, 1.0, 650.0",,,08-Antibiotics (IV): 2535,02-Fluids (Crystalloids): 2535,Drug Push: 2535,
gentamicin,NO MAPPING,227447,Gentamicin (Random),Gentamicin (Random),chartevents,Labs,None,Numeric with tag,493,Numeric with tag,,,,,,
gentamicin,NO MAPPING,227449,Gentamicin (Trough),Gentamicin (Trough),chartevents,Labs,None,Numeric with tag,356,Numeric with tag,,,,,,
gentamicin,NO MAPPING,227448,Gentamicin (Peak),Gentamicin (Peak),chartevents,Labs,None,Numeric with tag,132,Numeric with tag,,,,,,
gentamicin,NO MAPPING,225662,ZGentamicin (Peak),ZGentamicin (Peak),chartevents,Labs,None,Numeric,1,"Min: , Mean: , Max:",,,,,,
gentamicin,NO MAPPING,226069,ZGentamicin (Random),ZGentamicin (Random),chartevents,Labs,None,Numeric,1,"Min: , Mean: , Max:",,,,,,
gentamicin,NO MAPPING,226068,ZGentamicin (Trough),ZGentamicin (Trough),chartevents,Labs,None,Numeric,1,"Min: , Mean: , Max:",,,,,,
haloperidol,NO MAPPING,221824,Haloperidol (Haldol),Haloperidol (Haldol),inputevents,Medications,mg,Solution,14988,"Rate: , , ; Amount: 0.0, 2.5, 1400.0",,,05-Med Bolus: 14988,,Drug Push: 14988,
hydrocodone_acetaminophen,NOT AVAILABLE,,,,,,,,,,,,,,,
hydrocortisone,NOT AVAILABLE,,,,,,,,,,,,,,,
hydroxocobalamin,NOT AVAILABLE,,,,,,,,,,,,,,,
idecabtagene_vicleucel,NOT AVAILABLE,,,,,,,,,,,,,,,
imipenem,INTERMITTENT,225876,Imipenem/Cilastatin,Imipenem/Cilastatin,inputevents,Antibiotics,dose,Solution,1682,"Rate: , , ; Amount: 1.0, 1.0, 1000.0",,,08-Antibiotics (IV): 1682,02-Fluids (Crystalloids): 1682,Drug Push: 1682,
isavuconazole,NOT AVAILABLE,,,,,,,,,,,,,,,
itraconazole,NOT AVAILABLE,,,,,,,,,,,,,,,
levofloxacin,INTERMITTENT,225879,Levofloxacin,Levofloxacin,inputevents,Antibiotics,dose,Solution,6074,"Rate: , , ; Amount: 1.0, 1.0, 1000.0",,,"08-Antibiotics (IV): 5309, 09-Antibiotics (Non IV): 765",02-Fluids (Crystalloids): 5309,"Drug Push: 5309, Non Iv Meds: 765",
linezolid,INTERMITTENT,225881,Linezolid,Linezolid,inputevents,Antibiotics,dose,Solution,7856,"Rate: , , ; Amount: 1.0, 1.0, 600.0",,,"08-Antibiotics (IV): 7540, 09-Antibiotics (Non IV): 316",02-Fluids (Crystalloids): 7540,"Drug Push: 7540, Non Iv Meds: 316",
lisocabtagene_maraleucel,NOT AVAILABLE,,,,,,,,,,,,,,,
meropenem,INTERMITTENT,225883,Meropenem,Meropenem,inputevents,Antibiotics,dose,Solution,45642,"Rate: , , ; Amount: 0.0, 1.0, 2000.0",,,08-Antibiotics (IV): 45642,02-Fluids (Crystalloids): 45642,Drug Push: 45642,
meropenem_vaborbactam,NOT AVAILABLE,,,,,,,,,,,,,,,meropenem alone is available (see last entry)
methylene_blue,NOT AVAILABLE,,,,,,,,,,,,,,,
methylprednisolone,NOT AVAILABLE,,,,,,,,,,,,,,,
metronidazole,INTERMITTENT,225884,Metronidazole,Metronidazole,inputevents,Antibiotics,dose,Solution,65614,"Rate: , , ; Amount: 0.0, 1.0, 2000.0",,,"08-Antibiotics (IV): 63516, 09-Antibiotics (Non IV): 2098",02-Fluids (Crystalloids): 63516,"Drug Push: 63516, Non Iv Meds: 2098",
micafungin,INTERMITTENT,225885,Micafungin,Micafungin,inputevents,Antibiotics,dose,Solution,5620,"Rate: , , ; Amount: 1.0, 1.0, 100.0",,,08-Antibiotics (IV): 5620,02-Fluids (Crystalloids): 5620,Drug Push: 5620,
moxifloxacin,INTERMITTENT,225886,Moxifloxacin,Moxifloxacin,inputevents,Antibiotics,dose,Solution,23,"Rate: , , ; Amount: 1.0, 1.0, 1500.0",,,"08-Antibiotics (IV): 12, 09-Antibiotics (Non IV): 11",02-Fluids (Crystalloids): 12,"Drug Push: 12, Non Iv Meds: 11",
nitrofurantoin,NOT AVAILABLE,,,,,,,,,,,,,,,
nystatin,NOT AVAILABLE,,,,,,,,,,,,,,,
olanzapine,NOT AVAILABLE,,,,,,,,,,,,,,,
oseltamivir,NOT AVAILABLE,,,,,,,,,,,,,,,
oxacillin,NOT AVAILABLE,225889,Oxacillin,Oxacillin,inputevents,Antibiotics,dose,Solution,1,"Rate: , , ; Amount: , ,",,,,,,
oxycodone,NOT AVAILABLE,,,,,,,,,,,,,,,
oxycodone_acetaminophen,NOT AVAILABLE,,,,,,,,,,,,,,,
penicillin,INTERMITTENT,225890,Penicillin G potassium,Penicillin G potassium,inputevents,Antibiotics,dose,Solution,1929,"Rate: , , ; Amount: 1.0, 1.0, 250.0",,,"08-Antibiotics (IV): 1916, 09-Antibiotics (Non IV): 13",02-Fluids (Crystalloids): 1916,"Drug Push: 1916, Non Iv Meds: 13",
piperacillin_tazobactam,INTERMITTENT,225893,Piperacillin/Tazobactam (Zosyn),Piperacillin/Tazobactam (Zosyn),inputevents,Antibiotics,dose,Solution,69363,"Rate: , , ; Amount: 0.0, 1.0, 4500.0",,,08-Antibiotics (IV): 69363,02-Fluids (Crystalloids): 69363,Drug Push: 69363,
piperacillin_tazobactam,NO MAPPING,225892,Piperacillin,Piperacillin,inputevents,Antibiotics,dose,Solution,11375,"Rate: , , ; Amount: 0.0, 1.0, 4500.0",,,08-Antibiotics (IV): 11375,02-Fluids (Crystalloids): 11375,Drug Push: 11375,
polymyxin_b,NOT AVAILABLE,,,,,,,,,,,,,,,
posaconazole,NOT AVAILABLE,,,,,,,,,,,,,,,
prednisolone,NOT AVAILABLE,,,,,,,,,,,,,,,
prednisone,NOT AVAILABLE,,,,,,,,,,,,,,,
promethazine,NOT AVAILABLE,,,,,,,,,,,,,,,
quetiapine,NOT AVAILABLE,,,,,,,,,,,,,,,
ribavirin,NOT AVAILABLE,225897,Ribavirin,Ribavirin,inputevents,Antibiotics,dose,Solution,1,"Rate: , , ; Amount: , ,",,,,,,
risperidone,NOT AVAILABLE,,,,,,,,,,,,,,,
streptomycin,NOT AVAILABLE,,,,,,,,,,,,,,,
succinylcholine,NOT AVAILABLE,,,,,,,,,,,,,,,
sulfamethoxazole,NOT AVAILABLE,,,,,,,,,,,,,,,
tetracycline,NOT AVAILABLE,,,,,,,,,,,,,,,
ticarcillin_clavulanate,NOT AVAILABLE,,,,,,,,,,,,,,,
tigecycline,INTERMITTENT,229064,Tigecycline,Tigecycline,inputevents,Antibiotics,dose,Solution,480,"Rate: , , ; Amount: 1.0, 1.0, 100.0",,,08-Antibiotics (IV): 480,02-Fluids (Crystalloids): 480,Drug Push: 480,
tisagenlecleucel,NOT AVAILABLE,,,,,,,,,,,,,,,
tobramycin,INTERMITTENT,225902,Tobramycin,Tobramycin,inputevents,Antibiotics,dose,Solution,1843,"Rate: , , ; Amount: 1.0, 1.0, 700.0",,,08-Antibiotics (IV): 1843,02-Fluids (Crystalloids): 1843,Drug Push: 1843,
tobramycin,NO MAPPING,227451,Tobramycin (Random),Tobramycin (Random),chartevents,Labs,None,Numeric with tag,961,Numeric with tag,,,,,,
tobramycin,NO MAPPING,227452,Tobramycin (Trough),Tobramycin (Trough),chartevents,Labs,None,Numeric with tag,397,Numeric with tag,,,,,,
tobramycin,NO MAPPING,227450,Tobramycin (Peak),Tobramycin (Peak),chartevents,Labs,None,Numeric with tag,86,Numeric with tag,,,,,,
tobramycin,NO MAPPING,225688,ZTobramycin (Peak),ZTobramycin (Peak),chartevents,Labs,None,Numeric,1,"Min: , Mean: , Max:",,,,,,
tobramycin,NO MAPPING,226066,ZTobramycin (Trough),ZTobramycin (Trough),chartevents,Labs,None,Numeric,1,"Min: , Mean: , Max:",,,,,,
tobramycin,NO MAPPING,226067,ZTobramycin (Random),ZTobramycin (Random),chartevents,Labs,None,Numeric,1,"Min: , Mean: , Max:",,,,,,
tocilizumab,NOT AVAILABLE,,,,,,,,,,,,,,,
trimethoprim,NOT AVAILABLE,,,,,,,,,,,,,,,
trimethoprim_sulfamethoxazole,NOT AVAILABLE,,,,,,,,,,,,,,,
valacyclovir,NOT AVAILABLE,,,,,,,,,,,,,,,
valganciclovir,NOT AVAILABLE,,,,,,,,,,,,,,,
valproate,NOT AVAILABLE,,,,,,,,,,,,,,,
vancomycin,INTERMITTENT,225798,Vancomycin,Vancomycin,inputevents,Antibiotics,dose,Solution,140000,"Rate: , , ; Amount: 0.0, 1.0, 2000.0",,,"08-Antibiotics (IV): 130483, 09-Antibiotics (Non IV): 9517",02-Fluids (Crystalloids): 130483,"Drug Push: 130483, Non Iv Meds: 9517",
vancomycin,NO MAPPING,227455,Vancomycin (Trough),Vancomycin (Trough),chartevents,Labs,None,Numeric with tag,20092,Numeric with tag,,,,,,
vancomycin,NO MAPPING,227454,Vancomycin (Random),Vancomycin (Random),chartevents,Labs,None,Numeric with tag,20020,Numeric with tag,,,,,,
vancomycin,NO MAPPING,227453,Vancomycin (Peak),Vancomycin (Peak),chartevents,Labs,None,Numeric with tag,18,Numeric with tag,,,,,,
vancomycin,NO MAPPING,226065,ZVancomycin (Random),ZVancomycin (Random),chartevents,Labs,None,Numeric,1,"Min: , Mean: , Max:",,,,,,
vancomycin,NO MAPPING,226064,ZVancomycin (Trough),ZVancomycin (Trough),chartevents,Labs,None,Numeric,1,"Min: , Mean: , Max:",,,,,,
vancomycin,NO MAPPING,225697,ZVancomycin (Peak),ZVancomycin (Peak),chartevents,Labs,None,Numeric,1,"Min: , Mean: , Max:",,,,,,
voriconazole,INTERMITTENT,225905,Voriconazole,Voriconazole,inputevents,Antibiotics,dose,Solution,1939,"Rate: , , ; Amount: 1.0, 1.0, 480.0",,,"08-Antibiotics (IV): 1539, 09-Antibiotics (Non IV): 400",02-Fluids (Crystalloids): 1539,"Drug Push: 1539, Non Iv Meds: 400",
terbutaline,NOT AVAILABLE,,,,,,,,,,,,,,,
zidovudine,NOT AVAILABLE,,,,,,,,,,,,,,,
tocolyttics,NOT AVAILABLE,,,,,,,,,,,,,,,
cangrelor,NOT AVAILABLE,,,,,,,,,,,,,,,
dextrose_in_water_d5w,BOTH,220949,Dextrose 5%,Dextrose 5%,inputevents,Fluids/Intake,mL,Solution,1234818,"Rate: -118.5, 14.32, 30000.0; Amount: -8.24, 77.66, 100500.0",mL: 779247,"mL/hour: 779241, mL/min: 5, mL/kg/hour: 1","01-Drips: 701963, 08-Antibiotics (IV): 453573, 02-Fluids (Crystalloids): 77284, 03-IV Fluid Bolus: 1998","02-Fluids (Crystalloids): 1155536, Additive (Crystalloid): 77284","Continuous Med: 701963, Drug Push: 453573, Continuous IV: 77284, Bolus: 1998",duplicate of 'dextrose'
ropivacaine,NOT AVAILABLE,,,,,,,,,,,,,,,
nitroglycerin,CONTINUOUS,222056,Nitroglycerin,Nitroglycerin,inputevents,Medications,mg,Solution,88747,"Rate: 0.01, 1.0, 735.75; Amount: 0.0, 2.47, 200.0",mg: 88747,mcg/kg/min: 88747,01-Drips: 88747,02-Fluids (Crystalloids): 88747,Continuous Med: 88747,
bivalirudin,CONTINUOUS,225148,Bivalirudin (Angiomax),Bivalirudin (Angiomax),inputevents,Medications,mg,Solution,1703,"Rate: 0.0, 0.12, 2.34; Amount: 0.01, 50.69, 471.0",mg: 1703,"mg/kg/hour: 1698, mg/hour: 5",01-Drips: 1703,02-Fluids (Crystalloids): 1703,Continuous Med: 1703,
bivalirudin,CONTINUOUS,229781,Bivalirudin (Angiomax) (Impella),Bivalirudin (Angiomax) (Impella),inputevents,Medications,mg,Solution,35,"Rate: 0.0, 0.09, 0.12; Amount: 0.0, 17.89, 263.9",mg: 35,mg/kg/hour: 35,01-Drips: 35,02-Fluids (Crystalloids): 35,Continuous Med: 35,
thyroid replacement,NOT AVAILABLE,,,,,,,,,,,,,,,
baclofen,NOT AVAILABLE,,,,,,,,,,,,,,,
torsemide,NOT AVAILABLE,,,,,,,,,,,,,,,
nitric_oxide,NO MAPPING,224749,Nitric Oxide,Nitric Oxide,chartevents,Respiratory,ppm,Numeric,1594,"Min: 0.0, Mean: 21.27, Max: 1180.0",,,,,,
nitric_oxide,NO MAPPING,224750,Nitric Oxide Tank Pressure,Nitric Oxide Tank Pressure,chartevents,Respiratory,psi,Numeric,1191,"Min: 0.0, Mean: 1170.76, Max: 3000.0",,,,,,
cosyntropin,NOT AVAILABLE,,,,,,,,,,,,,,,
oxytocin,NOT AVAILABLE,,,,,,,,,,,,,,,
albumin,CONTINUOUS,220864,Albumin 5%,Albumin 5%,inputevents,Blood Products/Colloids,mL,Solution,30906,"Rate: 5.0, 500.0, 15000.0; Amount: 2.08, 250.0, 1500.0",mL: 30906,"mL/hour: 30904, mL/min: 2",04-Fluids (Colloids): 30906,,Continuous IV: 30906,
albumin,CONTINUOUS,220862,Albumin 25%,Albumin 25%,inputevents,Blood Products/Colloids,mL,Solution,26470,"Rate: 6.67, 100.0, 3000.0; Amount: 0.22, 50.0, 1000.0",mL: 26470,mL/hour: 26470,04-Fluids (Colloids): 26470,,Continuous IV: 26470,
albuterol,NOT AVAILABLE,,,,,,,,,,,,,,,
tacrolimus,NOT AVAILABLE,,,,,,,,,,,,,,,
lactated_ringers_solution,NOT AVAILABLE,,,,,,,,,,,,,,,
alprostadil,NOT AVAILABLE,,,,,,,,,,,,,,,
phentolamine,NOT AVAILABLE,,,,,,,,,,,,,,,
ipratropium,NOT AVAILABLE,,,,,,,,,,,,,,,
papaverine,NOT AVAILABLE,,,,,,,,,,,,,,,
repletion,NOT AVAILABLE,,,,,,,,,,,,,,,
remifentanil,NOT AVAILABLE,,,,,,,,,,,,,,,
isoproterenol,NOT AVAILABLE,,,,,,,,,,,,,,,
sodium chloride,BOTH,225158,NaCl 0.9%,NaCl 0.9%,inputevents,Fluids/Intake,mL,Solution,1578656,"Rate: -906.0, 12.95, 52999.8; Amount: -15.1, 39.52, 12000.0",mL: 1339841,"mL/hour: 1339369, mL/min: 445, ÂµL/kg/min: 27","01-Drips: 1017740, 02-Fluids (Crystalloids): 322101, 08-Antibiotics (IV): 138444, 03-IV Fluid Bolus: 100078, 10-Prophylaxis (IV): 293","02-Fluids (Crystalloids): 1156477, Additive (Crystalloid): 322101","Continuous Med: 1017740, Continuous IV: 322101, Drug Push: 138737, Bolus: 100078",
sodium chloride,BOTH,225159,NaCl 0.45%,NaCl 0.45%,inputevents,Fluids/Intake,mL,Solution,11531,"Rate: 0.18, 100.0, 22500.0; Amount: 0.0, 317.93, 4000.0",mL: 10125,mL/hour: 10125,"02-Fluids (Crystalloids): 10124, 03-IV Fluid Bolus: 1394, 08-Antibiotics (IV): 11, 01-Drips: 1, 10-Prophylaxis (IV): 1","Additive (Crystalloid): 10124, 02-Fluids (Crystalloids): 13","Continuous IV: 10124, Bolus: 1394, Drug Push: 12, Continuous Med: 1",
sodium chloride,BOTH,225161,NaCl 3% (Hypertonic Saline),NaCl 3% (Hypertonic Saline),inputevents,Fluids/Intake,mL,Solution,10843,"Rate: 1.6, 39.98, 15000.0; Amount: 0.0, 194.17, 2782.18",mL: 10599,"mL/hour: 10598, mL/min: 1","02-Fluids (Crystalloids): 10599, 03-IV Fluid Bolus: 244",Additive (Crystalloid): 10599,"Continuous IV: 10599, Bolus: 244",
sodium chloride,BOTH,228341,NaCl 23.4%,NaCl 23.4%,inputevents,Fluids/Intake,mL,Solution,385,"Rate: 5.0, 600.0, 1800.0; Amount: 10.0, 50.0, 450.98",mL: 380,"mL/hour: 379, mL/min: 1","02-Fluids (Crystalloids): 380, 03-IV Fluid Bolus: 3, 08-Antibiotics (IV): 2","Additive (Crystalloid): 380, 02-Fluids (Crystalloids): 2","Continuous IV: 380, Bolus: 3, Drug Push: 2",
plasma_lyte,NOT AVAILABLE,,,,,,,,,,,,,,,
liothyronine,NOT AVAILABLE,,,,,,,,,,,,,,,
bupivacaine,NOT AVAILABLE,,,,,,,,,,,,,,,
pitocin,NOT AVAILABLE,,,,,,,,,,,,,,,